SEM_EXM_EXCH_ID,SEM_SEGMENT,SEM_SMST_SECURITY_ID,SEM_INSTRUMENT_NAME,SEM_EXPIRY_CODE,SEM_TRADING_SYMBOL,SEM_LOT_UNITS,SEM_CUSTOM_SYMBOL,SEM_EXPIRY_DATE,SEM_STRIKE_PRICE,SEM_OPTION_TYPE,SEM_TICK_SIZE,SEM_EXPIRY_FLAG,SEM_EXCH_INSTRUMENT_TYPE,SEM_SERIES,SM_SYMBOL_NAME
NSE,I,1,INDEX,0,NIFTY MIDCAP 150,1,NIFTY Midcap 150,0001-01-01,,XX,0.05,,INDEX,X,NIFTY MIDCAP 150
BSE,I,2,INDEX,0,BSEDSI,1,BSE DSI,0001-01-01,,XX,0.01,,INDEX,X,BSEDSI
NSE,I,3,INDEX,0,NIFTY SMALLCAP 250,1,NIFTY Smallcap 250,0001-01-01,,XX,0.05,,INDEX,X,NIFTY SMALLCAP 250
BSE,I,4,INDEX,0,BSEEVI,1,BSE Enhanced Value Index,0001-01-01,,XX,0.01,,INDEX,X,BSEEVI
NSE,I,5,INDEX,0,NIFTY SMALLCAP 100,1,NIFTY Smallcap 100,0001-01-01,,XX,0.05,,INDEX,X,NIFTY SMALLCAP 100
NSE,I,6,INDEX,0,NIFTY LARGEMID250,1,Nifty Largemid250,0001-01-01,,XX,0.05,,INDEX,X,NIFTY LARGEMID250
NSE,I,7,INDEX,0,NIFTY MIDSMALLCAP 400,1,Nifty MidSmallCap 400,0001-01-01,,XX,0.05,,INDEX,X,NIFTY MIDSMALLCAP 400
NSE,I,10,INDEX,0,NIFTY100 EQUAL WEIGHT,1,Nifty100 Equal Weight,0001-01-01,,XX,0.05,,INDEX,X,NIFTY100 EQUAL WEIGHT
NSE,I,11,INDEX,0,NIFTY100 LOW VOLATILITY 30,1,Nifty 100 Low Volatility 30,0001-01-01,,XX,0.05,,INDEX,X,NIFTY100 LOW VOLATILITY 30
NSE,I,12,INDEX,0,NIFTY ALPHA 50,1,NIFTY ALPHA 50,0001-01-01,,XX,0.05,,INDEX,X,NIFTY ALPHA 50
NSE,I,13,INDEX,0,NIFTY,1,Nifty 50,0001-01-01,,XX,0.05,,INDEX,X,NIFTY
NSE,I,14,INDEX,0,NIFTY AUTO,1,NIFTY Auto,0001-01-01,,XX,0.05,,INDEX,X,NIFTY AUTO
NSE,I,15,INDEX,0,NIFTY PVT BANK,1,NIFTY Private Bank,0001-01-01,,XX,0.05,,INDEX,X,NIFTY PVT BANK
NSE,I,16,INDEX,0,NIFTY MID LIQ 15,1,Nifty Midcap Liquid 15,0001-01-01,,XX,0.05,,INDEX,X,NIFTY MID LIQ 15
NSE,I,17,INDEX,0,NIFTY 100,1,NIFTY 100,0001-01-01,,XX,0.05,,INDEX,X,NIFTY 100
NSE,I,18,INDEX,0,NIFTY 200,1,NIFTY 200,0001-01-01,,XX,0.05,,INDEX,X,NIFTY 200
NSE,I,19,INDEX,0,NIFTY 500,1,NIFTY 500,0001-01-01,,XX,0.05,,INDEX,X,NIFTY 500
NSE,I,20,INDEX,0,NIFTYMCAP50,1,Nifty Mid Cap 50,0001-01-01,,XX,0.05,,INDEX,X,NIFTYMCAP50
NSE,I,21,INDEX,0,INDIA VIX,1,India VIX,0001-01-01,,XX,0.05,,INDEX,X,INDIA VIX
NSE,I,22,INDEX,0,NIFTY SMALLCAP 50,1,Nifty Smallcap 50,0001-01-01,,XX,0.05,,INDEX,X,NIFTY SMALLCAP 50
BSE,I,23,INDEX,0,BSELVI,1,BSELVI,0001-01-01,,XX,0.01,,INDEX,X,BSELVI
NSE,I,25,INDEX,0,BANKNIFTY,1,Nifty Bank,0001-01-01,,XX,0.05,,INDEX,X,BANKNIFTY
NSE,I,27,INDEX,0,FINNIFTY,1,Finnifty,0001-01-01,,XX,0.05,,INDEX,X,FINNIFTY
NSE,I,28,INDEX,0,NIFTY FMCG,1,NIFTY FMCG,0001-01-01,,XX,0.05,,INDEX,X,NIFTY FMCG
NSE,I,29,INDEX,0,NIFTYIT,1,Nifty IT,0001-01-01,,XX,0.05,,INDEX,X,NIFTYIT
NSE,I,30,INDEX,0,NIFTY MEDIA,1,NIFTY Media,0001-01-01,,XX,0.05,,INDEX,X,NIFTY MEDIA
NSE,I,31,INDEX,0,NIFTY METAL,1,NIFTY Metal,0001-01-01,,XX,0.05,,INDEX,X,NIFTY METAL
NSE,I,32,INDEX,0,NIFTY PHARMA,1,NIFTY Pharma,0001-01-01,,XX,0.05,,INDEX,X,NIFTY PHARMA
NSE,I,33,INDEX,0,NIFTY PSU BANK,1,NIFTY PSU Bank,0001-01-01,,XX,0.05,,INDEX,X,NIFTY PSU BANK
NSE,I,34,INDEX,0,NIFTY REALTY,1,NIFTY Realty,0001-01-01,,XX,0.05,,INDEX,X,NIFTY REALTY
NSE,I,35,INDEX,0,NIFTY100 LIQ 15,1,Nifty100 Liquid 15,0001-01-01,,XX,0.05,,INDEX,X,NIFTY100 LIQ 15
BSE,I,36,INDEX,0,BSEMOI,1,BSE Momentum Index,0001-01-01,,XX,0.01,,INDEX,X,BSEMOI
NSE,I,37,INDEX,0,NIFTY MID100 FREE,1,NIFTY Midcap 100,0001-01-01,,XX,0.05,,INDEX,X,NIFTY MID100 FREE
NSE,I,38,INDEX,0,NIFTY NEXT 50,1,Nifty Next 50,0001-01-01,,XX,0.05,,INDEX,X,NIFTY NEXT 50
NSE,I,39,INDEX,0,NIFTY COMMODITIES,1,Nifty Commodities,0001-01-01,,XX,0.05,,INDEX,X,NIFTY COMMODITIES
NSE,I,40,INDEX,0,NIFTY CONSUMPTION,1,NIFTY Consumption,0001-01-01,,XX,0.05,,INDEX,X,NIFTY CONSUMPTION
NSE,I,41,INDEX,0,NIFTYPSE,1,Nifty PSE,0001-01-01,,XX,0.05,,INDEX,X,NIFTYPSE
NSE,I,42,INDEX,0,NIFTY ENERGY,1,NIFTY Energy,0001-01-01,,XX,0.05,,INDEX,X,NIFTY ENERGY
NSE,I,43,INDEX,0,NIFTYINFRA,1,NIFTY Infra,0001-01-01,,XX,0.05,,INDEX,X,NIFTYINFRA
NSE,I,44,INDEX,0,NIFTY MNC,1,NIFTY MNC,0001-01-01,,XX,0.05,,INDEX,X,NIFTY MNC
NSE,I,45,INDEX,0,NIFTYCPSE,1,Nifty CPSE,0001-01-01,,XX,0.05,,INDEX,X,NIFTYCPSE
NSE,I,46,INDEX,0,NIFTY SERV SECTOR,1,NIFTY Services Sector,0001-01-01,,XX,0.05,,INDEX,X,NIFTY SERV SECTOR
BSE,I,51,INDEX,0,SENSEX,1,Sensex,0001-01-01,,XX,0.01,,INDEX,X,SENSEX
BSE,I,52,INDEX,0,BSEPBI,1,BSE Private Banks Index,0001-01-01,,XX,0.01,,INDEX,X,BSEPBI
BSE,I,53,INDEX,0,ESG100,1,BSE 100 ESG,0001-01-01,,XX,0.01,,INDEX,X,ESG100
BSE,I,54,INDEX,0,LCTMCI,1,BSE 100 LargeCap TMC Index,0001-01-01,,XX,0.01,,INDEX,X,LCTMCI
BSE,I,55,INDEX,0,LMI250,1,BSE 250 Large Mid,0001-01-01,,XX,0.01,,INDEX,X,LMI250
BSE,I,56,INDEX,0,MID150,1,BSE 150 MidCap,0001-01-01,,XX,0.01,,INDEX,X,MID150
BSE,I,57,INDEX,0,MSL400,1,BSE 400 Mid Small,0001-01-01,,XX,0.01,,INDEX,X,MSL400
BSE,I,64,INDEX,0,MIDCAP,1,BSE Mid Cap,0001-01-01,,XX,0.01,,INDEX,X,MIDCAP
BSE,I,65,INDEX,0,BSE100,1,BSE 100,0001-01-01,,XX,0.01,,INDEX,X,BSE100
BSE,I,66,INDEX,0,BSE200,1,BSE 200,0001-01-01,,XX,0.01,,INDEX,X,BSE200
BSE,I,67,INDEX,0,BSE500,1,BSE 500,0001-01-01,,XX,0.01,,INDEX,X,BSE500
BSE,I,68,INDEX,0,AUTO,1,BSE Auto,0001-01-01,,XX,0.01,,INDEX,X,AUTO
BSE,I,69,INDEX,0,BANKEX,1,BSE BANKEX,0001-01-01,,XX,0.01,,INDEX,X,BANKEX
BSE,I,70,INDEX,0,BSE CD,1,BSE Consumer Durables,0001-01-01,,XX,0.01,,INDEX,X,BSE CD
BSE,I,71,INDEX,0,BSE CG,1,BSE Capital Goods,0001-01-01,,XX,0.01,,INDEX,X,BSE CG
BSE,I,72,INDEX,0,BSEFMC,1,BSE FMCG,0001-01-01,,XX,0.01,,INDEX,X,BSEFMC
BSE,I,73,INDEX,0,BSE HC,1,BSE Healthcare,0001-01-01,,XX,0.01,,INDEX,X,BSE HC
BSE,I,74,INDEX,0,BSE IT,1,BSE IT,0001-01-01,,XX,0.01,,INDEX,X,BSE IT
BSE,I,75,INDEX,0,METAL,1,BSE Metals,0001-01-01,,XX,0.01,,INDEX,X,METAL
BSE,I,76,INDEX,0,OILGAS,1,BSE Oil and Gas,0001-01-01,,XX,0.01,,INDEX,X,OILGAS
BSE,I,77,INDEX,0,POWER,1,BSE Power,0001-01-01,,XX,0.01,,INDEX,X,POWER
BSE,I,78,INDEX,0,BSEPSU,1,BSE PSU,0001-01-01,,XX,0.01,,INDEX,X,BSEPSU
BSE,I,79,INDEX,0,REALTY,1,BSE Realty,0001-01-01,,XX,0.01,,INDEX,X,REALTY
BSE,I,80,INDEX,0,TECK,1,BSE TECk,0001-01-01,,XX,0.01,,INDEX,X,TECK
BSE,I,81,INDEX,0,BSEQUI,1,BSEQUI,0001-01-01,,XX,0.01,,INDEX,X,BSEQUI
BSE,I,82,INDEX,0,SMLCAP,1,BSE Small Cap,0001-01-01,,XX,0.01,,INDEX,X,SMLCAP
BSE,I,83,INDEX,0,SNSX50,1,BSE Sensex 50,0001-01-01,,XX,0.01,,INDEX,X,SNSX50
BSE,I,84,INDEX,0,ALLCAP,1,BSE AllCap,0001-01-01,,XX,0.01,,INDEX,X,ALLCAP
BSE,I,85,INDEX,0,INFRA,1,BSE India Infrastructure Index,0001-01-01,,XX,0.01,,INDEX,X,INFRA
BSE,I,86,INDEX,0,CPSE,1,BSE CPSE,0001-01-01,,XX,0.01,,INDEX,X,CPSE
BSE,I,87,INDEX,0,MFG,1,BSE India Mfg,0001-01-01,,XX,0.01,,INDEX,X,MFG
BSE,I,88,INDEX,0,UTILS,1,BSE Utilities,0001-01-01,,XX,0.01,,INDEX,X,UTILS
BSE,I,89,INDEX,0,TELCOM,1,BSE Telecom,0001-01-01,,XX,0.01,,INDEX,X,TELCOM
BSE,I,90,INDEX,0,SMLSEL,1,BSE SmallCap Select Index,0001-01-01,,XX,0.01,,INDEX,X,SMLSEL
BSE,I,91,INDEX,0,COMDTY,1,BSE Basic Materials,0001-01-01,,XX,0.01,,INDEX,X,COMDTY
BSE,I,92,INDEX,0,ENERGY,1,BSE Energy,0001-01-01,,XX,0.01,,INDEX,X,ENERGY
BSE,I,93,INDEX,0,FINSER,1,BSE Finance,0001-01-01,,XX,0.01,,INDEX,X,FINSER
BSE,I,94,INDEX,0,LRGCAP,1,BSE LargeCap,0001-01-01,,XX,0.01,,INDEX,X,LRGCAP
BSE,I,95,INDEX,0,MIDSEL,1,BSE MidCap Select Index,0001-01-01,,XX,0.01,,INDEX,X,MIDSEL
BSE,I,96,INDEX,0,CONDIS,1,Consumer Discretionary Goods & Services,0001-01-01,,XX,0.01,,INDEX,X,CONDIS
BSE,I,97,INDEX,0,INDSTR,1,BSE Industrials,0001-01-01,,XX,0.01,,INDEX,X,INDSTR
BSE,I,98,INDEX,0,SNXN30,1,BSE Sensex Next 30,0001-01-01,,XX,0.01,,INDEX,X,SNXN30
BSE,I,99,INDEX,0,CAPINS,1,BSE Capital Markets & Insurance,0001-01-01,,XX,0.01,,INDEX,X,CAPINS
NSE,I,284,INDEX,0,NIFTY DIV OPPS 50,1,Nifty Dividend Opportunities 50,0001-01-01,,XX,0.05,,INDEX,X,NIFTY DIV OPPS 50
NSE,I,285,INDEX,0,NIFTY GROWSECT 15,1,Nifty Growth Sectors 15,0001-01-01,,XX,0.05,,INDEX,X,NIFTY GROWSECT 15
NSE,I,286,INDEX,0,NIFTY50 VALUE 20,1,Nifty50 Value 20 Index,0001-01-01,,XX,0.05,,INDEX,X,NIFTY50 VALUE 20
NSE,I,287,INDEX,0,NIFTY100 QUALTY30,1,Nifty100 Qualty30,0001-01-01,,XX,0.05,,INDEX,X,NIFTY100 QUALTY30
BSE,I,301,INDEX,0,BHRT22,1,BSE Bharat 22 Index,0001-01-01,,XX,0.01,,INDEX,X,BHRT22
BSE,I,302,INDEX,0,GREENX,1,BSE Greenex,0001-01-01,,XX,0.01,,INDEX,X,GREENX
BSE,I,303,INDEX,0,BSEIPO,1,BSE IPO,0001-01-01,,XX,0.01,,INDEX,X,BSEIPO
BSE,I,304,INDEX,0,SMEIPO,1,BSE SME IPO,0001-01-01,,XX,0.01,,INDEX,X,SMEIPO
BSE,I,305,INDEX,0,CARBON,1,CARBON,0001-01-01,,XX,0.01,,INDEX,X,CARBON
BSE,I,307,INDEX,0,DFRGRI,1,DFRGRI,0001-01-01,,XX,0.01,,INDEX,X,DFRGRI
BSE,I,309,INDEX,0,SML250,1,BSE 250 Small Cap,0001-01-01,,XX,0.01,,INDEX,X,SML250
BSE,I,310,INDEX,0,SNXT50,1,Sensex Next 50 Index,0001-01-01,,XX,0.01,,INDEX,X,SNXT50
NSE,I,442,INDEX,0,MIDCPNIFTY,1,Nifty Midcap Select,0001-01-01,,XX,0.05,,INDEX,X,MIDCPNIFTY
NSE,I,443,INDEX,0,NIFTY TOTAL MKT,1,Nifty Total mkt,0001-01-01,,XX,0.05,,INDEX,X,NIFTY TOTAL MKT
NSE,I,444,INDEX,0,NIFTY MICROCAP250,1,Nifty Microcap 250,0001-01-01,,XX,0.05,,INDEX,X,NIFTY MICROCAP250
NSE,I,446,INDEX,0,NIFTY M150 QLTY50,1,NIFTY Midcap150 Quality 50,0001-01-01,,XX,0.05,,INDEX,X,NIFTY M150 QLTY50
NSE,I,447,INDEX,0,NIFTY HEALTHCARE,1,Nifty Healthcare,0001-01-01,,XX,0.05,,INDEX,X,NIFTY HEALTHCARE
NSE,I,466,INDEX,0,NIFTY CONSR DURBL,1,Nifty Consumer Durable,0001-01-01,,XX,0.05,,INDEX,X,NIFTY CONSR DURBL
NSE,I,467,INDEX,0,NIFTY500 MULTICAP,1,Nifty 500 Multicap 50:25:25,0001-01-01,,XX,0.05,,INDEX,X,NIFTY500 MULTICAP
NSE,I,469,INDEX,0,NIFTY FINSRV25 50,1,Nifty Financial Services 25/50,0001-01-01,,XX,0.05,,INDEX,X,NIFTY FINSRV25 50
NSE,I,470,INDEX,0,NIFTY OIL AND GAS,1,Nifty Oil and Gas,0001-01-01,,XX,0.05,,INDEX,X,NIFTY OIL AND GAS
NSE,I,471,INDEX,0,NIFTY MIDSML HLTH,1,Nifty MidSmall Healthcare,0001-01-01,,XX,0.05,,INDEX,X,NIFTY MIDSML HLTH
NSE,I,473,INDEX,0,NIFTY IND DIGITAL,1,Nifty India Digital,0001-01-01,,XX,0.05,,INDEX,X,NIFTY IND DIGITAL
NSE,I,474,INDEX,0,NIFTY INDIA MFG,1,Nifty India Manufacturing,0001-01-01,,XX,0.05,,INDEX,X,NIFTY INDIA MFG
NSE,I,475,INDEX,0,NIFTY TATA 25 CAP,1,Nifty India Corporate Group Index - Tata Group 25% Cap,0001-01-01,,XX,0.05,,INDEX,X,NIFTY TATA 25 CAP
NSE,I,476,INDEX,0,NIFTY MULTI MFG,1,Nifty 500 Multicap India Manufacturing 50:30:20,0001-01-01,,XX,0.05,,INDEX,X,NIFTY MULTI MFG
NSE,I,477,INDEX,0,NIFTY MULTI INFRA,1,Nifty 500 Multicap Infrastructure 50:30:20,0001-01-01,,XX,0.05,,INDEX,X,NIFTY MULTI INFRA
NSE,I,478,INDEX,0,NIFTY100 ESG,1,Nifty100 ESG,0001-01-01,,XX,0.05,,INDEX,X,NIFTY100 ESG
NSE,I,479,INDEX,0,NIFTY100ESGSECLDR,1,Nifty100 ESG Sector Leaders,0001-01-01,,XX,0.05,,INDEX,X,NIFTY100ESGSECLDR
NSE,I,480,INDEX,0,NIFTY200MOMENTM30,1,Nifty 200 Momentum 30,0001-01-01,,XX,0.05,,INDEX,X,NIFTY200MOMENTM30
NSE,I,481,INDEX,0,NIFTY200 ALPHA 30,1,Nifty 200 Alpha 30,0001-01-01,,XX,0.05,,INDEX,X,NIFTY200 ALPHA 30
NSE,I,482,INDEX,0,NIFTY ALPHALOWVOL,1,Nifty Alpha Low Volatility 30,0001-01-01,,XX,0.05,,INDEX,X,NIFTY ALPHALOWVOL
NSE,I,483,INDEX,0,NIFTYM150MOMNTM50,1,Nifty Midcap150 Momentum 50,0001-01-01,,XX,0.05,,INDEX,X,NIFTYM150MOMNTM50
NSE,I,484,INDEX,0,NIFTY50 DIV POINT,1,Nifty 50 Dividend Points,0001-01-01,,XX,0.05,,INDEX,X,NIFTY50 DIV POINT
NSE,I,485,INDEX,0,NIFTY50 EQL WGT,1,Nifty 50 Equal Weight,0001-01-01,,XX,0.05,,INDEX,X,NIFTY50 EQL WGT
NSE,I,486,INDEX,0,NIFTY50 PR 1X INV,1,Nifty 50 PR 1x Inverse,0001-01-01,,XX,0.05,,INDEX,X,NIFTY50 PR 1X INV
NSE,I,487,INDEX,0,NIFTY50 PR 2X LEV,1,Nifty 50 PR 2x Leverage,0001-01-01,,XX,0.05,,INDEX,X,NIFTY50 PR 2X LEV
NSE,I,488,INDEX,0,NIFTY50 TR 1X INV,1,Nifty 50 TR 1x Inverse,0001-01-01,,XX,0.05,,INDEX,X,NIFTY50 TR 1X INV
NSE,I,489,INDEX,0,NIFTY50 TR 2X LEV,1,Nifty 50 TR 2x Leverage,0001-01-01,,XX,0.05,,INDEX,X,NIFTY50 TR 2X LEV
NSE,I,490,INDEX,0,NIFTY200 QUALTY30,1,Nifty 200 Quality 30,0001-01-01,,XX,0.05,,INDEX,X,NIFTY200 QUALTY30
NSE,I,491,INDEX,0,NIFTY EV,1,Nifty EV and New Age Auto,0001-01-01,,XX,0.05,,INDEX,X,NIFTY EV
NSE,I,492,INDEX,0,NIFTYSML250MQ 100,1,Nifty Smallcap250 Momentum Quality 100,0001-01-01,,XX,0.05,,INDEX,X,NIFTYSML250MQ 100
NSE,I,493,INDEX,0,NIFTY IND DEFENCE,1,Nifty India Defence,0001-01-01,,XX,0.05,,INDEX,X,NIFTY IND DEFENCE
NSE,I,494,INDEX,0,NIFTY TOP 10 EW,1,Nifty Top 10 Equal Weight,0001-01-01,,XX,0.05,,INDEX,X,NIFTY TOP 10 EW
NSE,I,495,INDEX,0,NIFTY FINSEREXBNK,1,Nifty Financial Services Ex Bank,0001-01-01,,XX,0.05,,INDEX,X,NIFTY FINSEREXBNK
NSE,I,496,INDEX,0,NIFTY200 VALUE 30,1,Nifty 200 Value 30,0001-01-01,,XX,0.05,,INDEX,X,NIFTY200 VALUE 30
NSE,I,497,INDEX,0,NIFTY MULTI MQ 50,1,Nifty 500 Multicap Momentum Quality 50,0001-01-01,,XX,0.05,,INDEX,X,NIFTY MULTI MQ 50
NSE,I,498,INDEX,0,NIFTY500MOMENTM50,1,Nifty 500 Momentum 50,0001-01-01,,XX,0.05,,INDEX,X,NIFTY500MOMENTM50
NSE,I,801,INDEX,0,Nifty AQL 30,1,Nifty Alpha Quality Low Volatility 30,0001-01-01,,XX,0.05,,INDEX,X,Nifty AQL 30
NSE,I,802,INDEX,0,Nifty AQLV 30,1,Nifty Alpha Quality Value Low Vol 30,0001-01-01,,XX,0.05,,INDEX,X,Nifty AQLV 30
NSE,I,803,INDEX,0,Nifty Capital Mkt,1,Nifty Capital Markets,0001-01-01,,XX,0.05,,INDEX,X,Nifty Capital Mkt
NSE,I,804,INDEX,0,Nifty CoreHousing,1,Nifty Core Housing,0001-01-01,,XX,0.05,,INDEX,X,Nifty CoreHousing
NSE,I,805,INDEX,0,Nifty Corp MAATR,1,Nifty India Select 5 Corp Grps (MAATR),0001-01-01,,XX,0.05,,INDEX,X,Nifty Corp MAATR
NSE,I,806,INDEX,0,Nifty GS 10Yr,1,Nifty 10 Yr Benchmark G Sec,0001-01-01,,XX,0.05,,INDEX,X,Nifty GS 10Yr
NSE,I,807,INDEX,0,Nifty GS 10Yr Cln,1,Nifty 10 Yr Benchmark G Sec Clean Price,0001-01-01,,XX,0.05,,INDEX,X,Nifty GS 10Yr Cln
NSE,I,808,INDEX,0,Nifty GS 11 15Yr,1,Nifty 11-15 Yr G Sec,0001-01-01,,XX,0.05,,INDEX,X,Nifty GS 11 15Yr
NSE,I,809,INDEX,0,Nifty GS 15YrPlus,1,Nifty 15 Yr Plus G Sec,0001-01-01,,XX,0.05,,INDEX,X,Nifty GS 15YrPlus
NSE,I,810,INDEX,0,Nifty GS 4 8Yr,1,Nifty 4-8 Yr G Sec,0001-01-01,,XX,0.05,,INDEX,X,Nifty GS 4 8Yr
NSE,I,811,INDEX,0,Nifty GS 8 13Yr,1,Nifty 8-13 Yr G Sec,0001-01-01,,XX,0.05,,INDEX,X,Nifty GS 8 13Yr
NSE,I,812,INDEX,0,Nifty GS Compsite,1,Nifty Composite G Sec,0001-01-01,,XX,0.05,,INDEX,X,Nifty GS Compsite
NSE,I,813,INDEX,0,Nifty HighBeta 50,1,Nifty High Beta 50,0001-01-01,,XX,0.05,,INDEX,X,Nifty HighBeta 50
NSE,I,814,INDEX,0,Nifty Housing,1,Nifty Housing,0001-01-01,,XX,0.05,,INDEX,X,Nifty Housing
NSE,I,815,INDEX,0,Nifty Ind Tourism,1,Nifty India Tourism,0001-01-01,,XX,0.05,,INDEX,X,Nifty Ind Tourism
NSE,I,816,INDEX,0,Nifty IPO,1,Nifty IPO,0001-01-01,,XX,0.05,,INDEX,X,Nifty IPO
NSE,I,818,INDEX,0,Nifty Mobility,1,Nifty Mobility,0001-01-01,,XX,0.05,,INDEX,X,Nifty Mobility
NSE,I,819,INDEX,0,Nifty MS Fin Serv,1,Nifty Mid Small Financial Services,0001-01-01,,XX,0.05,,INDEX,X,Nifty MS Fin Serv
NSE,I,820,INDEX,0,Nifty MS Ind Cons,1,Nifty Mid Small India Consumption,0001-01-01,,XX,0.05,,INDEX,X,Nifty MS Ind Cons
NSE,I,821,INDEX,0,Nifty MS IT Telcm,1,Nifty Mid Small IT Telecom,0001-01-01,,XX,0.05,,INDEX,X,Nifty MS IT Telcm
NSE,I,822,INDEX,0,Nifty New Consump,1,Nifty India New Age Consumption,0001-01-01,,XX,0.05,,INDEX,X,Nifty New Consump
NSE,I,823,INDEX,0,Nifty NonCyc Cons,1,Nifty Non Cyclical Consumer,0001-01-01,,XX,0.05,,INDEX,X,Nifty NonCyc Cons
NSE,I,824,INDEX,0,Nifty Qlty LV 30,1,Nifty Quality Low Volatility 30,0001-01-01,,XX,0.05,,INDEX,X,Nifty Qlty LV 30
NSE,I,825,INDEX,0,Nifty Rural,1,Nifty Rural,0001-01-01,,XX,0.05,,INDEX,X,Nifty Rural
NSE,I,826,INDEX,0,Nifty Shariah 25,1,Nifty Shariah 25,0001-01-01,,XX,0.05,,INDEX,X,Nifty Shariah 25
NSE,I,827,INDEX,0,Nifty Sml250 Q50,1,Nifty Smallcap 250 Quality 50,0001-01-01,,XX,0.05,,INDEX,X,Nifty Sml250 Q50
NSE,I,828,INDEX,0,Nifty Top 15 EW,1,Nifty Top 15 Equal Weight,0001-01-01,,XX,0.05,,INDEX,X,Nifty Top 15 EW
NSE,I,829,INDEX,0,Nifty Top 20 EW,1,Nifty Top 20 Equal Weight,0001-01-01,,XX,0.05,,INDEX,X,Nifty Top 20 EW
NSE,I,830,INDEX,0,Nifty Trans Logis,1,Nifty Transportation Logistics,0001-01-01,,XX,0.05,,INDEX,X,Nifty Trans Logis
NSE,I,831,INDEX,0,Nifty100 Alpha 30,1,Nifty 100 Alpha 30,0001-01-01,,XX,0.05,,INDEX,X,Nifty100 Alpha 30
NSE,I,832,INDEX,0,Nifty100 Enh ESG,1,Nifty 100 Enhanced ESG,0001-01-01,,XX,0.05,,INDEX,X,Nifty100 Enh ESG
NSE,I,833,INDEX,0,Nifty50 Shariah,1,Nifty 50 Shariah,0001-01-01,,XX,0.05,,INDEX,X,Nifty50 Shariah
NSE,I,834,INDEX,0,Nifty500 EW,1,Nifty 500 Equal Weight,0001-01-01,,XX,0.05,,INDEX,X,Nifty500 EW
NSE,I,835,INDEX,0,Nifty500 LMS Eql,1,Nifty 500 Lrg Mid Sml Equal Wtd,0001-01-01,,XX,0.05,,INDEX,X,Nifty500 LMS Eql
NSE,I,836,INDEX,0,Nifty500 LowVol50,1,Nifty 500 Low Volatility 50,0001-01-01,,XX,0.05,,INDEX,X,Nifty500 LowVol50
NSE,I,837,INDEX,0,Nifty500 MQVLv50,1,Nifty 500 Multifactor MQVLv 50,0001-01-01,,XX,0.05,,INDEX,X,Nifty500 MQVLv50
NSE,I,838,INDEX,0,Nifty500 Qlty50,1,Nifty 500 Quality 50,0001-01-01,,XX,0.05,,INDEX,X,Nifty500 Qlty50
NSE,I,839,INDEX,0,Nifty500 Shariah,1,Nifty 500 Shariah,0001-01-01,,XX,0.05,,INDEX,X,Nifty500 Shariah
NSE,I,840,INDEX,0,Nifty500 Value 50,1,Nifty 500 Value 50,0001-01-01,,XX,0.05,,INDEX,X,Nifty500 Value 50
NSE,I,841,INDEX,0,NiftyMS400 MQ 100,1,Nifty Mid Small 400 MQ 100,0001-01-01,,XX,0.05,,INDEX,X,NiftyMS400 MQ 100
BSE,I,842,INDEX,0,200EQW,1,BSE 200 Equal Weight,0001-01-01,,XX,0.05,,INDEX,X,200EQW
BSE,I,843,INDEX,0,BBGEFS,1,BSE Business Grps Ex Fin Services,0001-01-01,,XX,0.05,,INDEX,X,BBGEFS
BSE,I,844,INDEX,0,BS1000,1,BSE 1000,0001-01-01,,XX,0.05,,INDEX,X,BS1000
BSE,I,845,INDEX,0,BSESER,1,BSE Service Sector,0001-01-01,,XX,0.05,,INDEX,X,BSESER
BSE,I,846,INDEX,0,CAPINS,1,BSE Capital Goods Industrial Solutions,0001-01-01,,XX,0.05,,INDEX,X,CAPINS
BSE,I,847,INDEX,0,DOL100,1,BSE Dollex 100,0001-01-01,,XX,0.05,,INDEX,X,DOL100
BSE,I,848,INDEX,0,DOL200,1,BSE Dollex 200,0001-01-01,,XX,0.05,,INDEX,X,DOL200
BSE,I,849,INDEX,0,DOL30,1,BSE Dollex 30,0001-01-01,,XX,0.05,,INDEX,X,DOL30
BSE,I,850,INDEX,0,FOCIT,1,BSE Focused IT,0001-01-01,,XX,0.05,,INDEX,X,FOCIT
BSE,I,851,INDEX,0,FOCMID,1,BSE Focused Midcap,0001-01-01,,XX,0.05,,INDEX,X,FOCMID
BSE,I,852,INDEX,0,IND150,1,BSE India 150,0001-01-01,,XX,0.05,,INDEX,X,IND150
BSE,I,853,INDEX,0,INSLDR,1,BSE India Leaders,0001-01-01,,XX,0.05,,INDEX,X,INSLDR
BSE,I,854,INDEX,0,INTECO,1,BSE India Technology,0001-01-01,,XX,0.05,,INDEX,X,INTECO
BSE,I,855,INDEX,0,POWENE,1,BSE Power Energy,0001-01-01,,XX,0.05,,INDEX,X,POWENE
BSE,I,856,INDEX,0,PRECON,1,BSE Premium Consumption,0001-01-01,,XX,0.05,,INDEX,X,PRECON
BSE,I,857,INDEX,0,PSUBNK,1,BSE PSU Bank,0001-01-01,,XX,0.05,,INDEX,X,PSUBNK
BSE,I,858,INDEX,0,SELIPO,1,BSE Select IPO,0001-01-01,,XX,0.05,,INDEX,X,SELIPO
BSE,I,859,INDEX,0,SENEQW,1,BSE Sensex Equal Weight,0001-01-01,,XX,0.05,,INDEX,X,SENEQW
BSE,I,860,INDEX,0,SNSX60,1,BSE Sensex 60,0001-01-01,,XX,0.05,,INDEX,X,SNSX60
BSE,I,861,INDEX,0,SS6535,1,BSE Sensex Sixty 65:35,0001-01-01,,XX,0.05,,INDEX,X,SS6535
NSE,I,5024,INDEX,0,GIFTNIFTY,1,Gift Nifty,0001-01-01,,XX,0,,INDEX,X,GIFTNIFTY
